{
    "Parent Model": null,
    "accuracy": [
        0.06684815138578415
    ],
    "loss": [
        4.817403316497803
    ],
    "val_accuracy": [
        0.28438887000083923
    ],
    "val_loss": [
        2.908704996109009
    ]
}